{
  "observation.state": {
    "mean": [
      0.018377264961600304,
      -0.2669152021408081,
      0.2366611510515213,
      0.09003109484910965,
      0.0018127833027392626,
      0.004504055716097355
    ],
    "std": [
      0.06519050896167755,
      0.38493484258651733,
      0.29673612117767334,
      0.16212154924869537,
      0.12402249127626419,
      0.09329243004322052
    ],
    "min": [
      -0.2039727419614792,
      -1.3026655912399292,
      -0.6405846476554871,
      -0.54583740234375,
      -0.385078489780426,
      -0.205422043800354
    ],
    "max": [
      0.2552948296070099,
      0.8702101707458496,
      0.9120834469795227,
      0.727328360080719,
      0.24642537534236908,
      0.24007323384284973
    ]
  },
  "action": {
    "mean": [
      -0.013256381265819073,
      -2.0706138610839844,
      1.8267277479171753,
      1.2604341506958008,
      -0.0075823054648935795,
      0.004660076927393675
    ],
    "std": [
      0.2543104887008667,
      0.7397953867912292,
      0.6561620235443115,
      0.479412704706192,
      0.1494234800338745,
      0.09325618296861649
    ],
    "min": [
      -0.7379299402236938,
      -5.075990200042725,
      0.7092688679695129,
      -0.7804386019706726,
      -1.2957491874694824,
      -0.2636686861515045
    ],
    "max": [
      0.9938334226608276,
      -0.5376600623130798,
      5.287927150726318,
      2.9615345001220703,
      0.2444005310535431,
      0.24018433690071106
    ]
  }
}